Level,hp,,,srt,,,res,,,spd,,,xp required,,
values,0.05,1.3,6.5,0.1,0.6,3.5,0.05,0.75,3.5,0.2,1,2.27,0.02,1.6,5550
0,3.00,,,1.00,,,1.00,,,0.80,,,10,,
1,3.17,,,1.24,,,1.12,,,1.07,,,120,,
2,3.41,,,1.35,,,1.20,,,1.28,,,336,,
3,3.66,,,1.44,,,1.27,,,1.46,,,617,,
4,3.92,,,1.51,,,1.33,,,1.61,,,940,,
5,4.17,,,1.58,,,1.38,,,1.73,,,1290,,
6,4.41,,,1.63,,,1.44,,,1.83,,,1652,,
7,4.63,,,1.69,,,1.48,,,1.91,,,2017,,
8,4.84,,,1.74,,,1.53,,,1.97,,,2376,,
9,5.03,,,1.78,,,1.57,,,2.03,,,2723,,
10,5.21,,,1.82,,,1.61,,,2.07,,,3051,,
11,5.37,,,1.86,,,1.65,,,2.11,,,3358,,
12,5.51,,,1.90,,,1.69,,,2.14,,,3642,,
13,5.64,,,1.93,,,1.72,,,2.16,,,3901,,
14,5.75,,,1.96,,,1.76,,,2.18,,,4134,,
15,5.85,,,2.00,,,1.79,,,2.20,,,4342,,
16,5.94,,,2.03,,,1.82,,,2.21,,,4527,,
17,6.02,,,2.05,,,1.86,,,2.22,,,4688,,
18,6.09,,,2.08,,,1.88,,,2.23,,,4829,,
19,6.15,,,2.11,,,1.91,,,2.24,,,4950,,
20,6.20,,,2.13,,,1.94,,,2.24,,,5054,,
21,6.24,,,2.16,,,1.97,,,2.25,,,5142,,
22,6.28,,,2.18,,,2.00,,,2.25,,,5217,,
23,6.32,,,2.20,,,2.02,,,2.26,,,5279,,
24,6.34,,,2.22,,,2.05,,,2.26,,,5331,,
25,6.37,,,2.25,,,2.07,,,2.26,,,5374,,
26,6.39,,,2.27,,,2.09,,,2.26,,,5409,,
27,6.41,,,2.29,,,2.12,,,2.26,,,5438,,
28,6.42,,,2.31,,,2.14,,,2.26,,,5461,,
29,6.43,,,2.32,,,2.16,,,2.27,,,5480,,
30,6.45,,,2.34,,,2.18,,,2.27,,,5495,,
31,6.45,,,2.36,,,2.20,,,2.27,,,5507,,
32,6.46,,,2.38,,,2.22,,,2.27,,,5517,,
33,6.47,,,2.39,,,2.24,,,2.27,,,5524,,
34,6.47,,,2.41,,,2.26,,,2.27,,,5530,,
35,6.48,,,2.43,,,2.28,,,2.27,,,5535,,
36,6.48,,,2.44,,,2.30,,,2.27,,,5539,,
37,6.49,,,2.46,,,2.32,,,2.27,,,5541,,
38,6.49,,,2.47,,,2.34,,,2.27,,,5543,,
39,6.49,,,2.48,,,2.35,,,2.27,,,5545,,
40,6.49,,,2.50,,,2.37,,,2.27,,,5546,,
41,6.49,,,2.51,,,2.39,,,2.27,,,5547,,
42,6.49,,,2.53,,,2.40,,,2.27,,,5548,,
43,6.50,,,2.54,,,2.42,,,2.27,,,5549,,
44,6.50,,,2.55,,,2.44,,,2.27,,,5549,,
45,6.50,,,2.56,,,2.45,,,2.27,,,5549,,
46,6.50,,,2.58,,,2.47,,,2.27,,,5549,,
47,6.50,,,2.59,,,2.48,,,2.27,,,5550,,
48,6.50,,,2.60,,,2.50,,,2.27,,,5550,,
49,6.50,,,2.61,,,2.51,,,2.27,,,5550,,
50,6.50,,,2.62,,,2.52,,,2.27,,,5550,,
51,6.50,,,2.63,,,2.54,,,2.27,,,5550,,
52,6.50,,,2.64,,,2.55,,,2.27,,,5550,,
53,6.50,,,2.65,,,2.56,,,2.27,,,5550,,
54,6.50,,,2.66,,,2.58,,,2.27,,,5550,,
55,6.50,,,2.67,,,2.59,,,2.27,,,5550,,
56,6.50,,,2.68,,,2.60,,,2.27,,,5550,,
57,6.50,,,2.69,,,2.61,,,2.27,,,5550,,
58,6.50,,,2.70,,,2.63,,,2.27,,,5550,,
59,6.50,,,2.71,,,2.64,,,2.27,,,5550,,
60,6.50,,,2.72,,,2.65,,,2.27,,,5550,,
61,6.50,,,2.73,,,2.66,,,2.27,,,5550,,
62,6.50,,,2.74,,,2.67,,,2.27,,,5550,,
63,6.50,,,2.75,,,2.68,,,2.27,,,5550,,
64,6.50,,,2.76,,,2.69,,,2.27,,,5550,,
65,6.50,,,2.76,,,2.70,,,2.27,,,5550,,
66,6.50,,,2.77,,,2.71,,,2.27,,,5550,,
67,6.50,,,2.78,,,2.72,,,2.27,,,5550,,
68,6.50,,,2.79,,,2.73,,,2.27,,,5550,,
69,6.50,,,2.80,,,2.74,,,2.27,,,5550,,
70,6.50,,,2.80,,,2.75,,,2.27,,,5550,,
71,6.50,,,2.81,,,2.76,,,2.27,,,5550,,
72,6.50,,,2.82,,,2.77,,,2.27,,,5550,,
73,6.50,,,2.83,,,2.78,,,2.27,,,5550,,
74,6.50,,,2.83,,,2.79,,,2.27,,,5550,,
75,6.50,,,2.84,,,2.80,,,2.27,,,5550,,
76,6.50,,,2.85,,,2.81,,,2.27,,,5550,,
77,6.50,,,2.86,,,2.82,,,2.27,,,5550,,
78,6.50,,,2.86,,,2.83,,,2.27,,,5550,,
79,6.50,,,2.87,,,2.84,,,2.27,,,5550,,
80,6.50,,,2.87,,,2.84,,,2.27,,,5550,,
81,6.50,,,2.88,,,2.85,,,2.27,,,5550,,
82,6.50,,,2.89,,,2.86,,,2.27,,,5550,,
83,6.50,,,2.89,,,2.87,,,2.27,,,5550,,
84,6.50,,,2.90,,,2.88,,,2.27,,,5550,,
85,6.50,,,2.91,,,2.88,,,2.27,,,5550,,
86,6.50,,,2.91,,,2.89,,,2.27,,,5550,,
87,6.50,,,2.92,,,2.90,,,2.27,,,5550,,
88,6.50,,,2.92,,,2.91,,,2.27,,,5550,,
89,6.50,,,2.93,,,2.91,,,2.27,,,5550,,
90,6.50,,,2.94,,,2.92,,,2.27,,,5550,,
91,6.50,,,2.94,,,2.93,,,2.27,,,5550,,
92,6.50,,,2.95,,,2.93,,,2.27,,,5550,,
93,6.50,,,2.95,,,2.94,,,2.27,,,5550,,
94,6.50,,,2.96,,,2.95,,,2.27,,,5550,,
95,6.50,,,2.96,,,2.95,,,2.27,,,5550,,
96,6.50,,,2.97,,,2.96,,,2.27,,,5550,,
97,6.50,,,2.97,,,2.97,,,2.27,,,5550,,
98,6.50,,,2.98,,,2.97,,,2.27,,,5550,,
99,6.50,,,2.98,,,2.98,,,2.27,,,5550,,
100,6.50,,,2.99,,,2.99,,,2.27,,,5550,,
101,6.50,,,2.99,,,2.99,,,2.27,,,5550,,
102,6.50,,,3.00,,,3.00,,,2.27,,,5550,,
103,6.50,,,3.00,,,3.00,,,2.27,,,5550,,
104,6.50,,,3.01,,,3.01,,,2.27,,,5550,,
105,6.50,,,3.01,,,3.02,,,2.27,,,5550,,
106,6.50,,,3.02,,,3.02,,,2.27,,,5550,,
107,6.50,,,3.02,,,3.03,,,2.27,,,5550,,
108,6.50,,,3.02,,,3.03,,,2.27,,,5550,,
109,6.50,,,3.03,,,3.04,,,2.27,,,5550,,
110,6.50,,,3.03,,,3.04,,,2.27,,,5550,,
111,6.50,,,3.04,,,3.05,,,2.27,,,5550,,
112,6.50,,,3.04,,,3.05,,,2.27,,,5550,,
113,6.50,,,3.05,,,3.06,,,2.27,,,5550,,
114,6.50,,,3.05,,,3.06,,,2.27,,,5550,,
115,6.50,,,3.05,,,3.07,,,2.27,,,5550,,
116,6.50,,,3.06,,,3.07,,,2.27,,,5550,,
117,6.50,,,3.06,,,3.08,,,2.27,,,5550,,
118,6.50,,,3.07,,,3.08,,,2.27,,,5550,,
119,6.50,,,3.07,,,3.09,,,2.27,,,5550,,
120,6.50,,,3.07,,,3.09,,,2.27,,,5550,,
121,6.50,,,3.08,,,3.10,,,2.27,,,5550,,
122,6.50,,,3.08,,,3.10,,,2.27,,,5550,,
123,6.50,,,3.08,,,3.11,,,2.27,,,5550,,
124,6.50,,,3.09,,,3.11,,,2.27,,,5550,,
125,6.50,,,3.09,,,3.11,,,2.27,,,5550,,
126,6.50,,,3.10,,,3.12,,,2.27,,,5550,,
127,6.50,,,3.10,,,3.12,,,2.27,,,5550,,
128,6.50,,,3.10,,,3.13,,,2.27,,,5550,,
129,6.50,,,3.11,,,3.13,,,2.27,,,5550,,
130,6.50,,,3.11,,,3.14,,,2.27,,,5550,,
131,6.50,,,3.11,,,3.14,,,2.27,,,5550,,
132,6.50,,,3.12,,,3.14,,,2.27,,,5550,,
133,6.50,,,3.12,,,3.15,,,2.27,,,5550,,
134,6.50,,,3.12,,,3.15,,,2.27,,,5550,,
135,6.50,,,3.13,,,3.15,,,2.27,,,5550,,
136,6.50,,,3.13,,,3.16,,,2.27,,,5550,,
137,6.50,,,3.13,,,3.16,,,2.27,,,5550,,
138,6.50,,,3.13,,,3.17,,,2.27,,,5550,,
139,6.50,,,3.14,,,3.17,,,2.27,,,5550,,
140,6.50,,,3.14,,,3.17,,,2.27,,,5550,,
141,6.50,,,3.14,,,3.18,,,2.27,,,5550,,
142,6.50,,,3.15,,,3.18,,,2.27,,,5550,,
143,6.50,,,3.15,,,3.18,,,2.27,,,5550,,
144,6.50,,,3.15,,,3.19,,,2.27,,,5550,,
145,6.50,,,3.16,,,3.19,,,2.27,,,5550,,
146,6.50,,,3.16,,,3.19,,,2.27,,,5550,,
147,6.50,,,3.16,,,3.20,,,2.27,,,5550,,
148,6.50,,,3.16,,,3.20,,,2.27,,,5550,,
149,6.50,,,3.17,,,3.20,,,2.27,,,5550,,
150,6.50,,,3.17,,,3.21,,,2.27,,,5550,,
151,6.50,,,3.17,,,3.21,,,2.27,,,5550,,
152,6.50,,,3.17,,,3.21,,,2.27,,,5550,,
153,6.50,,,3.18,,,3.22,,,2.27,,,5550,,
154,6.50,,,3.18,,,3.22,,,2.27,,,5550,,
155,6.50,,,3.18,,,3.22,,,2.27,,,5550,,
156,6.50,,,3.18,,,3.22,,,2.27,,,5550,,
157,6.50,,,3.19,,,3.23,,,2.27,,,5550,,
158,6.50,,,3.19,,,3.23,,,2.27,,,5550,,
159,6.50,,,3.19,,,3.23,,,2.27,,,5550,,
160,6.50,,,3.19,,,3.24,,,2.27,,,5550,,
161,6.50,,,3.20,,,3.24,,,2.27,,,5550,,
162,6.50,,,3.20,,,3.24,,,2.27,,,5550,,
163,6.50,,,3.20,,,3.24,,,2.27,,,5550,,
164,6.50,,,3.20,,,3.25,,,2.27,,,5550,,
165,6.50,,,3.21,,,3.25,,,2.27,,,5550,,
166,6.50,,,3.21,,,3.25,,,2.27,,,5550,,
167,6.50,,,3.21,,,3.25,,,2.27,,,5550,,
168,6.50,,,3.21,,,3.26,,,2.27,,,5550,,
169,6.50,,,3.21,,,3.26,,,2.27,,,5550,,
170,6.50,,,3.22,,,3.26,,,2.27,,,5550,,
171,6.50,,,3.22,,,3.26,,,2.27,,,5550,,
172,6.50,,,3.22,,,3.27,,,2.27,,,5550,,
173,6.50,,,3.22,,,3.27,,,2.27,,,5550,,
174,6.50,,,3.23,,,3.27,,,2.27,,,5550,,
175,6.50,,,3.23,,,3.27,,,2.27,,,5550,,
176,6.50,,,3.23,,,3.28,,,2.27,,,5550,,
177,6.50,,,3.23,,,3.28,,,2.27,,,5550,,
178,6.50,,,3.23,,,3.28,,,2.27,,,5550,,
179,6.50,,,3.24,,,3.28,,,2.27,,,5550,,
180,6.50,,,3.24,,,3.29,,,2.27,,,5550,,
181,6.50,,,3.24,,,3.29,,,2.27,,,5550,,
182,6.50,,,3.24,,,3.29,,,2.27,,,5550,,
183,6.50,,,3.24,,,3.29,,,2.27,,,5550,,
184,6.50,,,3.25,,,3.29,,,2.27,,,5550,,
185,6.50,,,3.25,,,3.30,,,2.27,,,5550,,
186,6.50,,,3.25,,,3.30,,,2.27,,,5550,,
187,6.50,,,3.25,,,3.30,,,2.27,,,5550,,
188,6.50,,,3.25,,,3.30,,,2.27,,,5550,,
189,6.50,,,3.25,,,3.30,,,2.27,,,5550,,
190,6.50,,,3.26,,,3.31,,,2.27,,,5550,,
191,6.50,,,3.26,,,3.31,,,2.27,,,5550,,
192,6.50,,,3.26,,,3.31,,,2.27,,,5550,,
193,6.50,,,3.26,,,3.31,,,2.27,,,5550,,
194,6.50,,,3.26,,,3.31,,,2.27,,,5550,,
195,6.50,,,3.27,,,3.32,,,2.27,,,5550,,
196,6.50,,,3.27,,,3.32,,,2.27,,,5550,,
197,6.50,,,3.27,,,3.32,,,2.27,,,5550,,
198,6.50,,,3.27,,,3.32,,,2.27,,,5550,,
199,6.50,,,3.27,,,3.32,,,2.27,,,5550,,
200,6.50,,,3.27,,,3.32,,,2.27,,,5550,,
201,6.50,,,3.28,,,3.33,,,2.27,,,5550,,
202,6.50,,,3.28,,,3.33,,,2.27,,,5550,,
203,6.50,,,3.28,,,3.33,,,2.27,,,5550,,
204,6.50,,,3.28,,,3.33,,,2.27,,,5550,,
205,6.50,,,3.28,,,3.33,,,2.27,,,5550,,
206,6.50,,,3.28,,,3.34,,,2.27,,,5550,,
207,6.50,,,3.28,,,3.34,,,2.27,,,5550,,
208,6.50,,,3.29,,,3.34,,,2.27,,,5550,,
209,6.50,,,3.29,,,3.34,,,2.27,,,5550,,
210,6.50,,,3.29,,,3.34,,,2.27,,,5550,,
211,6.50,,,3.29,,,3.34,,,2.27,,,5550,,
212,6.50,,,3.29,,,3.34,,,2.27,,,5550,,
213,6.50,,,3.29,,,3.35,,,2.27,,,5550,,
214,6.50,,,3.30,,,3.35,,,2.27,,,5550,,
215,6.50,,,3.30,,,3.35,,,2.27,,,5550,,
216,6.50,,,3.30,,,3.35,,,2.27,,,5550,,
217,6.50,,,3.30,,,3.35,,,2.27,,,5550,,
218,6.50,,,3.30,,,3.35,,,2.27,,,5550,,
219,6.50,,,3.30,,,3.35,,,2.27,,,5550,,
220,6.50,,,3.30,,,3.36,,,2.27,,,5550,,
221,6.50,,,3.30,,,3.36,,,2.27,,,5550,,
222,6.50,,,3.31,,,3.36,,,2.27,,,5550,,
223,6.50,,,3.31,,,3.36,,,2.27,,,5550,,
224,6.50,,,3.31,,,3.36,,,2.27,,,5550,,
225,6.50,,,3.31,,,3.36,,,2.27,,,5550,,
226,6.50,,,3.31,,,3.36,,,2.27,,,5550,,
227,6.50,,,3.31,,,3.37,,,2.27,,,5550,,
228,6.50,,,3.31,,,3.37,,,2.27,,,5550,,
229,6.50,,,3.32,,,3.37,,,2.27,,,5550,,
230,6.50,,,3.32,,,3.37,,,2.27,,,5550,,
231,6.50,,,3.32,,,3.37,,,2.27,,,5550,,
232,6.50,,,3.32,,,3.37,,,2.27,,,5550,,
233,6.50,,,3.32,,,3.37,,,2.27,,,5550,,
234,6.50,,,3.32,,,3.37,,,2.27,,,5550,,
235,6.50,,,3.32,,,3.38,,,2.27,,,5550,,
236,6.50,,,3.32,,,3.38,,,2.27,,,5550,,
237,6.50,,,3.33,,,3.38,,,2.27,,,5550,,
238,6.50,,,3.33,,,3.38,,,2.27,,,5550,,
239,6.50,,,3.33,,,3.38,,,2.27,,,5550,,
240,6.50,,,3.33,,,3.38,,,2.27,,,5550,,
241,6.50,,,3.33,,,3.38,,,2.27,,,5550,,
242,6.50,,,3.33,,,3.38,,,2.27,,,5550,,
243,6.50,,,3.33,,,3.38,,,2.27,,,5550,,
244,6.50,,,3.33,,,3.39,,,2.27,,,5550,,
245,6.50,,,3.33,,,3.39,,,2.27,,,5550,,
246,6.50,,,3.34,,,3.39,,,2.27,,,5550,,
247,6.50,,,3.34,,,3.39,,,2.27,,,5550,,
248,6.50,,,3.34,,,3.39,,,2.27,,,5550,,
249,6.50,,,3.34,,,3.39,,,2.27,,,5550,,
250,6.50,,,3.34,,,3.39,,,2.27,,,5550,,
251,6.50,,,3.34,,,3.39,,,2.27,,,5550,,
252,6.50,,,3.34,,,3.39,,,2.27,,,5550,,
253,6.50,,,3.34,,,3.40,,,2.27,,,5550,,
254,6.50,,,3.34,,,3.40,,,2.27,,,5550,,
255,6.50,,,3.34,,,3.40,,,2.27,,,5550,,